<?xml version="1.0" encoding="UTF-8"?>
<project-private xmlns="http://www.netbeans.org/ns/project-private/1">
    <editor-bookmarks xmlns="http://www.netbeans.org/ns/editor-bookmarks/2" lastBookmarkId="0"/>
    <open-files xmlns="http://www.netbeans.org/ns/projectui-open-files/2">
        <group>
            <file>file:/C:/Users/Ahn/Desktop/20120763_AhnHyeongWook_q8/programing8/src/CalenderFrame.java</file>
            <file>file:/C:/Users/Ahn/Desktop/20120763_AhnHyeongWook_q8/programing8/src/ScheduleManageFrame.java</file>
            <file>file:/C:/Users/Ahn/Desktop/20120763_AhnHyeongWook_q8/programing8/src/CurrentClock.java</file>
        </group>
    </open-files>
</project-private>
